id_scenario,run_num,rows,cols,obstacle_ratio,origin,destination,lunghezza_OD,execution_time_OD,total_unique_frontiers_OD,pruning_successes_OD,max_recursion_depth_OD,lunghezza_DO,correttezza_superata
Dim-20x20,1,20,20,0.2,"(7, 16)","(17, 14)",10.82842712474619,0.0020999000407755375,0,0,1,10.82842712474619,True
Dim-20x20,2,20,20,0.2,"(11, 13)","(4, 11)",8.65685424949238,0.005006699939258397,18,67,2,8.65685424949238,True
Obs-10%,1,30,30,0.1,"(4, 25)","(13, 2)",26.727922061357855,0.02114550000987947,29,214,2,26.727922061357855,True
