rows,naive,ottimizzato
10,0.052726,0.001602
15,18.686302,0.019682
18,198.786019,0.403764
