rows,cols,obstacle_ratio,num_runs,id_scenario,run_num,origin,destination,lunghezza_OD,execution_time_OD,recursive_calls_OD,cache_hits_OD,total_unique_frontiers_OD,pruning_successes_OD,max_recursion_depth_OD,lunghezza_DO,execution_time_DO,recursive_calls_DO,cache_hits_DO,total_unique_frontiers_DO,pruning_successes_DO,max_recursion_depth_DO,correttezza_superata
15,15,0.2,5,dimensione_1,1,"(7, 2)","(8, 13)",12.242640687119284,0.025847800076007843,23,0,75,79,4,12.242640687119284,0.02896549995057285,25,0,86,113,4,True
15,15,0.2,5,dimensione_1,2,"(7, 7)","(11, 11)",5.656854249492381,0.001182599924504757,1,0,0,0,1,5.656854249492381,0.000988899962976575,1,0,0,0,1,True
15,15,0.2,5,dimensione_1,3,"(1, 3)","(11, 13)",15.31370849898476,0.06651240005157888,68,12,86,167,4,15.31370849898476,0.045789499999955297,50,10,115,301,5,True
15,15,0.2,5,dimensione_1,4,"(5, 3)","(10, 11)",10.071067811865476,0.004566000076010823,4,0,49,46,2,10.071067811865476,0.003208399983122945,3,0,36,34,2,True
15,15,0.2,5,dimensione_1,5,"(0, 7)","(12, 8)",12.414213562373096,0.0033826997969299555,3,0,60,58,2,12.414213562373096,0.0045484998263418674,4,0,56,53,2,True
